id_distribucion,id_transmision,distancia
220,48,161.5148798423283
221,48,87.61484695836525
222,49,61.80395498671586
223,50,36.770102339235024
224,51,77.91475660008237
225,48,58.375232168770395
226,52,2.9576980914217734
227,49,167.6469476519033
228,51,121.10410100275622
229,49,74.5863274357399
230,49,182.19201021175436
231,49,62.69239969884707
232,50,189.32963757984504
233,52,50.29254033960938
234,53,1705.1966172408834
