id_distribucion,id_transmision,distancia
220,48,38.55946034407125
221,49,42.07228876655629
222,50,87.10729391460391
223,50,109.18376033261488
224,51,141.8402463356167
225,52,8.126143304175727
226,53,1704.4760666355203
227,52,71.31681568886822
228,48,74.5845246455457
229,52,74.53400360485833
230,52,2.617144457495668
231,50,63.47492136623773
232,52,170.72189344076523
233,49,55.28976657574166
234,51,29.565133126730995
