id_transmision,id_elevadora,distancia
48,3,122.68014076645775
49,3,345.88870267905537
50,3,240.8027587849814
51,3,250.16457766565762
52,3,604.3996167313478
53,3,613.0166807695965
