id_transmision,id_elevadora,distancia
48,3,74.64573109520003
49,3,517.4454061307131
50,3,77.40813543833046
51,3,187.5666487149066
52,3,319.1854803655056
53,3,530.7649007926135
